{"cameraMode":{"drawMode":0,"name":"Shaded","section":"Shading Mode"},"sceneLighting":true,"audioPlay":false,"sceneViewState":{"showFog":true,"showMaterialUpdate":false,"showSkybox":true,"showFlares":true,"showImageEffects":true,"showParticleSystems":true},"in2DMode":false,"pivot":{"x":-2.721250057220459,"y":0.44502881169319155,"z":13.310797691345215},"rotation":{"x":-0.009310370311141014,"y":0.015593217685818673,"z":-0.00014559981354977936,"w":-0.9998350739479065},"size":13.280747413635254,"orthographic":false}